"tt0118694","1"
"tt0118694","7"
"tt0120630","2"
"tt0120630","3"
"tt0120630","17"
"tt0120679","1"
"tt0120679","7"
"tt0120679","12"
"tt0120737","1"
"tt0120737","2"
"tt0120737","5"
"tt0120903","2"
"tt0120903","5"
"tt0120903","18"
"tt0120917","2"
"tt0120917","3"
"tt0120917","17"
"tt0121164","1"
"tt0121164","11"
"tt0121164","17"
"tt0121766","2"
"tt0121766","4"
"tt0121766","5"
"tt0126029","2"
"tt0126029","3"
"tt0126029","17"
"tt0133240","2"
"tt0133240","11"
"tt0133240","17"
"tt0134847","5"
"tt0134847","10"
"tt0134847","18"
"tt0139654","1"
"tt0139654","8"
"tt0139654","9"
"tt0144084","1"
"tt0144084","3"
"tt0144084","8"
"tt0145487","2"
"tt0145487","5"
"tt0145487","18"
"tt0146309","1"
"tt0146309","9"
"tt0146309","13"
"tt0146882","1"
"tt0146882","3"
"tt0146882","14"
"tt0159365","1"
"tt0159365","2"
"tt0159365","13"
"tt0162222","1"
"tt0162222","2"
"tt0162222","7"
"tt0162346","1"
"tt0162346","3"
"tt0166813","1"
"tt0166813","2"
"tt0166813","17"
"tt0166924","1"
"tt0166924","6"
"tt0166924","9"
"tt0167260","1"
"tt0167260","2"
"tt0167260","5"
"tt0167261","1"
"tt0167261","2"
"tt0167261","5"
"tt0168629","1"
"tt0168629","8"
"tt0168629","19"
"tt0169102","1"
"tt0169102","2"
"tt0169102","19"
"tt0172495","1"
"tt0172495","2"
"tt0172495","5"
"tt0180073","1"
"tt0180073","12"
"tt0180093","1"
"tt0181536","1"
"tt0181689","5"
"tt0181689","6"
"tt0181689","8"
"tt0181865","1"
"tt0181865","8"
"tt0181865","9"
"tt0181875","1"
"tt0181875","2"
"tt0181875","3"
"tt0183649","8"
"tt0183649","9"
"tt0185014","1"
"tt0185014","3"
"tt0186151","1"
"tt0186151","6"
"tt0186151","8"
"tt0187393","1"
"tt0187393","5"
"tt0187393","13"
"tt0188350","1"
"tt0188350","3"
"tt0190332","2"
"tt0190332","4"
"tt0190332","5"
"tt0190590","2"
"tt0190590","3"
"tt0190590","8"
"tt0192263","1"
"tt0192263","13"
"tt0195685","1"
"tt0195685","12"
"tt0198781","2"
"tt0198781","3"
"tt0198781","17"
"tt0200465","8"
"tt0200465","9"
"tt0203009","1"
"tt0203009","7"
"tt0203009","19"
"tt0203019","1"
"tt0203019","12"
"tt0203119","1"
"tt0203119","8"
"tt0203119","9"
"tt0206036","1"
"tt0206036","7"
"tt0206634","1"
"tt0206634","2"
"tt0206634","18"
"tt0208092","3"
"tt0208092","8"
"tt0209144","6"
"tt0209144","9"
"tt0210628","1"
"tt0210628","12"
"tt0210628","13"
"tt0210945","1"
"tt0210945","12"
"tt0210945","20"
"tt0211915","3"
"tt0211915","7"
"tt0212338","3"
"tt0212338","7"
"tt0212720","1"
"tt0212720","18"
"tt0213565","1"
"tt0213565","11"
"tt0213565","12"
"tt0213847","1"
"tt0213847","3"
"tt0213847","7"
"tt0214698","1"
"tt0214698","3"
"tt0214698","12"
"tt0215750","1"
"tt0215750","13"
"tt0215750","15"
"tt0217505","1"
"tt0217505","8"
"tt0217869","1"
"tt0217869","6"
"tt0217869","18"
"tt0218127","5"
"tt0218127","21"
"tt0218505","1"
"tt0218505","12"
"tt0218505","15"
"tt0218839","3"
"tt0219224","1"
"tt0219224","18"
"tt0220608","3"
"tt0220608","14"
"tt0221027","1"
"tt0221027","8"
"tt0221027","12"
"tt0223897","1"
"tt0226771","1"
"tt0226771","8"
"tt0230600","6"
"tt0230600","9"
"tt0230600","10"
"tt0231844","1"
"tt0231844","7"
"tt0234215","5"
"tt0234215","18"
"tt0235376","1"
"tt0235376","9"
"tt0236285","1"
"tt0236285","12"
"tt0236285","14"
"tt0237534","1"
"tt0237534","2"
"tt0237534","5"
"tt0238380","1"
"tt0238380","5"
"tt0238380","18"
"tt0239894","8"
"tt0239894","16"
"tt0240628","1"
"tt0240628","12"
"tt0240772","8"
"tt0240772","9"
"tt0241303","1"
"tt0241303","7"
"tt0241527","2"
"tt0241527","4"
"tt0241527","11"
"tt0242519","3"
"tt0242519","5"
"tt0242519","8"
"tt0243017","1"
"tt0243017","4"
"tt0243017","17"
"tt0243133","1"
"tt0243133","8"
"tt0243664","1"
"tt0245429","2"
"tt0245429","11"
"tt0245429","17"
"tt0245574","1"
"tt0245712","1"
"tt0245712","9"
"tt0245844","1"
"tt0245844","2"
"tt0245844","5"
"tt0246578","1"
"tt0246578","6"
"tt0246578","18"
"tt0247745","3"
"tt0247745","6"
"tt0247745","8"
"tt0249248","2"
"tt0249248","12"
"tt0249248","16"
"tt0249462","1"
"tt0249462","14"
"tt0250258","1"
"tt0250258","9"
"tt0250425","1"
"tt0250440","3"
"tt0250440","17"
"tt0250798","1"
"tt0250798","15"
"tt0250934","1"
"tt0250934","12"
"tt0250934","13"
"tt0251160","1"
"tt0251160","8"
"tt0251160","9"
"tt0253474","1"
"tt0253474","12"
"tt0253474","14"
"tt0254686","1"
"tt0256009","1"
"tt0256009","10"
"tt0257044","1"
"tt0257044","8"
"tt0257044","9"
"tt0257360","1"
"tt0257360","3"
"tt0257850","1"
"tt0257850","8"
"tt0257850","13"
"tt0258463","5"
"tt0258463","6"
"tt0258463","9"
"tt0264464","1"
"tt0264464","8"
"tt0264464","12"
"tt0264616","1"
"tt0264616","8"
"tt0264616","9"
"tt0265086","1"
"tt0265086","13"
"tt0265086","15"
"tt0265666","1"
"tt0265666","3"
"tt0266308","1"
"tt0266308","2"
"tt0266308","5"
"tt0266425","1"
"tt0266425","12"
"tt0266425","13"
"tt0266543","2"
"tt0266543","3"
"tt0266543","17"
"tt0266697","5"
"tt0266697","8"
"tt0266697","9"
"tt0266987","5"
"tt0266987","8"
"tt0266987","9"
"tt0267736","1"
"tt0268126","1"
"tt0268126","3"
"tt0268380","2"
"tt0268380","3"
"tt0268380","17"
"tt0268978","1"
"tt0268978","12"
"tt0270288","3"
"tt0270288","8"
"tt0270288","12"
"tt0271732","5"
"tt0271732","6"
"tt0271732","8"
"tt0272020","1"
"tt0272020","5"
"tt0272020","9"
"tt0272152","1"
"tt0272152","6"
"tt0272152","18"
"tt0272338","1"
"tt0272338","3"
"tt0272338","7"
"tt0273656","1"
"tt0273656","2"
"tt0273656","13"
"tt0273657","1"
"tt0273657","2"
"tt0273657","15"
"tt0274468","1"
"tt0274558","1"
"tt0274558","7"
"tt0274735","5"
"tt0274735","6"
"tt0274735","8"
"tt0274812","1"
"tt0274812","3"
"tt0274812","7"
"tt0275491","1"
"tt0275491","8"
"tt0275847","2"
"tt0275847","3"
"tt0275847","17"
"tt0276751","1"
"tt0276751","3"
"tt0276751","7"
"tt0276919","1"
"tt0276919","8"
"tt0277027","1"
"tt0277434","1"
"tt0277434","5"
"tt0277434","13"
"tt0278504","1"
"tt0278504","6"
"tt0278504","9"
"tt0280707","1"
"tt0280707","3"
"tt0280707","6"
"tt0281358","1"
"tt0281358","7"
"tt0283474","1"
"tt0285627","3"
"tt0285627","7"
"tt0285627","17"
"tt0285742","1"
"tt0285742","7"
"tt0286112","3"
"tt0286112","5"
"tt0286112","11"
"tt0287467","1"
"tt0287467","6"
"tt0287467","7"
"tt0287535","1"
"tt0287535","5"
"tt0287535","15"
"tt0289043","1"
"tt0289043","5"
"tt0289043","10"
"tt0289652","1"
"tt0289652","6"
"tt0289652","8"
"tt0289765","1"
"tt0289765","8"
"tt0289765","9"
"tt0289879","1"
"tt0289879","9"
"tt0289879","18"
"tt0289992","1"
"tt0289992","8"
"tt0289992","9"
"tt0290334","5"
"tt0290334","9"
"tt0290334","18"
"tt0290673","1"
"tt0290673","6"
"tt0290673","8"
"tt0292490","1"
"tt0292490","3"
"tt0292490","7"
"tt0292963","1"
"tt0292963","8"
"tt0292963","9"
"tt0293508","1"
"tt0293508","7"
"tt0293508","19"
"tt0295297","2"
"tt0295297","4"
"tt0295297","11"
"tt0296042","3"
"tt0296042","5"
"tt0296042","8"
"tt0296251","1"
"tt0296251","3"
"tt0296251","11"
"tt0298130","6"
"tt0298130","10"
"tt0298148","2"
"tt0298148","3"
"tt0298148","17"
"tt0298203","1"
"tt0298203","14"
"tt0299478","1"
"tt0299478","14"
"tt0299658","3"
"tt0299658","8"
"tt0299658","19"
"tt0299977","2"
"tt0299977","5"
"tt0299977","13"
"tt0301357","1"
"tt0301357","3"
"tt0301357","7"
"tt0302022","16"
"tt0302886","3"
"tt0304141","2"
"tt0304141","4"
"tt0304141","11"
"tt0307901","1"
"tt0307987","1"
"tt0307987","3"
"tt0307987","8"
"tt0308644","1"
"tt0308644","11"
"tt0308644","12"
"tt0309150","1"
"tt0309150","4"
"tt0309698","6"
"tt0309698","9"
"tt0309987","1"
"tt0309987","7"
"tt0310775","1"
"tt0310775","8"
"tt0310775","9"
"tt0310793","1"
"tt0310793","8"
"tt0310793","16"
"tt0311113","1"
"tt0311113","2"
"tt0311113","5"
"tt0311289","1"
"tt0311289","2"
"tt0311289","3"
"tt0312004","2"
"tt0312004","3"
"tt0312004","17"
"tt0312318","16"
"tt0313410","1"
"tt0313410","7"
"tt0313410","8"
"tt0313542","1"
"tt0313542","8"
"tt0313542","9"
"tt0314097","1"
"tt0314097","12"
"tt0314097","13"
"tt0314331","1"
"tt0314331","3"
"tt0314331","7"
"tt0315733","1"
"tt0315733","8"
"tt0315733","9"
"tt0315983","1"
"tt0315983","8"
"tt0316356","1"
"tt0316356","5"
"tt0316356","7"
"tt0316654","2"
"tt0316654","5"
"tt0316654","18"
"tt0317219","3"
"tt0317219","11"
"tt0317219","17"
"tt0317248","1"
"tt0317248","8"
"tt0317705","2"
"tt0317705","5"
"tt0317705","17"
"tt0317740","5"
"tt0317740","8"
"tt0317740","9"
"tt0318462","1"
"tt0318462","2"
"tt0318462","12"
"tt0319061","1"
"tt0319061","2"
"tt0319061","4"
"tt0319754","1"
"tt0319754","7"
"tt0319754","13"
"tt0319758","1"
"tt0319758","15"
"tt0320661","1"
"tt0320661","2"
"tt0320661","5"
"tt0320691","4"
"tt0320691","5"
"tt0320691","9"
"tt0324013","1"
"tt0324013","8"
"tt0324013","12"
"tt0324554","1"
"tt0324554","6"
"tt0324554","7"
"tt0325710","1"
"tt0325710","5"
"tt0325710","15"
"tt0325805","1"
"tt0325805","3"
"tt0325805","8"
"tt0325980","2"
"tt0325980","4"
"tt0325980","5"
"tt0327056","1"
"tt0327056","6"
"tt0327056","8"
"tt0327137","1"
"tt0327137","3"
"tt0327137","11"
"tt0327597","1"
"tt0327597","11"
"tt0327597","17"
"tt0327890","1"
"tt0327890","2"
"tt0327890","15"
"tt0328107","1"
"tt0328107","5"
"tt0328107","8"
"tt0329390","7"
"tt0329390","21"
"tt0329575","1"
"tt0329575","13"
"tt0329575","20"
"tt0330373","2"
"tt0330373","4"
"tt0330373","11"
"tt0332280","1"
"tt0332280","7"
"tt0332379","3"
"tt0332379","14"
"tt0332452","1"
"tt0332452","13"
"tt0333766","1"
"tt0333766","3"
"tt0333766","7"
"tt0335266","1"
"tt0335266","3"
"tt0335345","1"
"tt0337978","5"
"tt0337978","9"
"tt0338013","1"
"tt0338013","7"
"tt0338013","18"
"tt0338109","1"
"tt0338109","12"
"tt0338139","1"
"tt0338139","12"
"tt0338139","13"
"tt0338290","1"
"tt0338434","1"
"tt0338434","12"
"tt0338434","15"
"tt0338564","1"
"tt0338564","5"
"tt0338564","8"
"tt0338751","1"
"tt0338751","12"
"tt0340377","1"
"tt0340377","3"
"tt0340855","1"
"tt0340855","8"
"tt0340855","12"
"tt0342258","2"
"tt0342258","5"
"tt0342258","8"
"tt0343818","1"
"tt0343818","5"
"tt0343818","18"
"tt0344510","1"
"tt0344510","6"
"tt0344510","7"
"tt0345591","1"
"tt0345591","7"
"tt0345591","11"
"tt0345950","2"
"tt0345950","5"
"tt0345950","17"
"tt0346039","1"
"tt0346039","7"
"tt0347048","1"
"tt0347048","7"
"tt0347149","2"
"tt0347149","11"
"tt0347149","17"
"tt0347228","8"
"tt0347228","16"
"tt0347304","1"
"tt0347304","3"
"tt0347304","7"
"tt0349166","1"
"tt0349166","2"
"tt0349166","5"
"tt0349747","1"
"tt0349747","12"
"tt0350258","1"
"tt0350258","12"
"tt0350258","14"
"tt0352248","1"
"tt0352248","12"
"tt0352248","13"
"tt0352410","1"
"tt0352410","2"
"tt0352410","15"
"tt0353969","1"
"tt0353969","5"
"tt0353969","8"
"tt0354899","1"
"tt0354899","3"
"tt0354899","4"
"tt0355702","1"
"tt0355702","12"
"tt0355702","20"
"tt0357413","3"
"tt0358273","1"
"tt0358273","12"
"tt0358273","14"
"tt0359950","1"
"tt0359950","3"
"tt0359950","4"
"tt0360486","4"
"tt0360486","5"
"tt0360486","10"
"tt0360717","1"
"tt0360717","2"
"tt0360717","5"
"tt0361596","1"
"tt0361596","15"
"tt0361596","16"
"tt0361748","1"
"tt0361748","2"
"tt0361748","15"
"tt0361862","1"
"tt0361862","9"
"tt0362227","1"
"tt0362227","3"
"tt0362227","7"
"tt0362270","2"
"tt0362270","3"
"tt0362270","5"
"tt0363163","1"
"tt0363163","12"
"tt0363163","13"
"tt0363547","5"
"tt0363547","10"
"tt0363589","1"
"tt0363589","8"
"tt0363589","9"
"tt0364517","1"
"tt0364517","3"
"tt0364517","7"
"tt0364569","1"
"tt0364569","5"
"tt0364569","6"
"tt0365130","3"
"tt0365376","1"
"tt0365376","6"
"tt0365376","10"
"tt0365748","3"
"tt0365748","10"
"tt0366551","2"
"tt0366551","3"
"tt0366627","1"
"tt0366627","4"
"tt0366627","6"
"tt0367089","1"
"tt0367089","3"
"tt0367110","1"
"tt0367501","3"
"tt0368909","5"
"tt0368909","8"
"tt0368909","9"
"tt0369339","1"
"tt0369339","8"
"tt0369339","9"
"tt0369610","2"
"tt0369610","5"
"tt0369610","18"
"tt0369702","1"
"tt0369702","12"
"tt0370986","1"
"tt0371746","2"
"tt0371746","5"
"tt0371746","18"
"tt0372183","5"
"tt0372183","6"
"tt0372183","9"
"tt0372588","3"
"tt0372588","5"
"tt0372784","2"
"tt0372784","5"
"tt0372824","1"
"tt0372824","14"
"tt0373074","3"
"tt0373074","4"
"tt0373074","5"
"tt0373469","3"
"tt0373469","5"
"tt0373469","8"
"tt0373889","2"
"tt0373889","5"
"tt0373889","11"
"tt0374546","1"
"tt0374546","7"
"tt0374887","1"
"tt0374887","3"
"tt0374887","19"
"tt0375063","1"
"tt0375063","3"
"tt0375063","7"
"tt0375662","1"
"tt0375662","3"
"tt0375679","1"
"tt0375679","8"
"tt0375679","9"
"tt0375912","1"
"tt0375912","5"
"tt0375912","8"
"tt0376541","1"
"tt0376541","7"
"tt0377092","3"
"tt0377184","1"
"tt0377184","13"
"tt0377972","1"
"tt0378194","5"
"tt0378194","8"
"tt0378194","9"
"tt0379217","1"
"tt0379217","3"
"tt0379217","14"
"tt0379725","1"
"tt0379725","8"
"tt0379725","12"
"tt0379786","2"
"tt0379786","5"
"tt0379786","18"
"tt0381061","2"
"tt0381061","5"
"tt0381061","9"
"tt0381131","1"
"tt0381131","12"
"tt0381681","1"
"tt0381681","7"
"tt0381849","1"
"tt0381849","5"
"tt0381849","8"
"tt0382737","1"
"tt0382737","7"
"tt0382737","12"
"tt0382932","2"
"tt0382932","3"
"tt0382932","17"
"tt0383028","1"
"tt0383053","3"
"tt0383574","2"
"tt0383574","4"
"tt0383574","5"
"tt0384116","2"
"tt0384116","3"
"tt0384116","18"
"tt0385002","1"
"tt0385002","8"
"tt0385002","20"
"tt0385004","1"
"tt0385004","2"
"tt0385004","5"
"tt0385700","2"
"tt0385700","5"
"tt0385700","17"
"tt0386032","1"
"tt0386032","16"
"tt0386792","1"
"tt0386792","12"
"tt0387131","1"
"tt0387131","6"
"tt0387131","7"
"tt0387301","11"
"tt0387301","17"
"tt0387361","16"
"tt0387564","6"
"tt0387564","10"
"tt0387898","1"
"tt0387898","6"
"tt0387898","9"
"tt0388795","1"
"tt0388795","7"
"tt0389074","2"
"tt0389074","3"
"tt0389074","17"
"tt0389557","1"
"tt0389557","9"
"tt0389557","15"
"tt0390022","1"
"tt0390022","5"
"tt0390022","20"
"tt0390521","16"
"tt0393109","1"
"tt0393109","5"
"tt0393109","8"
"tt0393162","1"
"tt0393162","12"
"tt0393162","20"
"tt0395169","1"
"tt0395169","12"
"tt0395169","13"
"tt0395565","1"
"tt0395571","1"
"tt0395571","12"
"tt0395644","16"
"tt0396171","1"
"tt0396171","8"
"tt0397313","1"
"tt0397313","2"
"tt0397313","11"
"tt0397535","1"
"tt0397535","7"
"tt0398286","2"
"tt0398286","3"
"tt0398286","17"
"tt0398808","1"
"tt0398808","4"
"tt0398808","11"
"tt0399146","1"
"tt0399146","9"
"tt0399295","1"
"tt0399295","5"
"tt0399295","8"
"tt0400063","1"
"tt0400063","13"
"tt0400063","15"
"tt0400435","1"
"tt0400435","4"
"tt0401383","1"
"tt0401383","12"
"tt0401445","1"
"tt0401445","3"
"tt0401445","7"
"tt0401504","1"
"tt0401504","13"
"tt0401504","15"
"tt0401711","1"
"tt0401711","3"
"tt0401711","7"
"tt0401792","8"
"tt0401792","9"
"tt0401997","1"
"tt0401997","8"
"tt0401997","12"
"tt0402348","1"
"tt0402348","11"
"tt0402348","21"
"tt0404030","1"
"tt0404030","3"
"tt0404203","1"
"tt0404203","3"
"tt0404203","7"
"tt0404364","1"
"tt0404364","3"
"tt0404364","10"
"tt0404390","1"
"tt0404390","5"
"tt0404390","8"
"tt0405094","1"
"tt0405094","6"
"tt0405094","9"
"tt0405159","1"
"tt0405159","20"
"tt0405296","1"
"tt0405296","8"
"tt0405296","17"
"tt0405422","3"
"tt0405422","7"
"tt0405496","12"
"tt0405496","13"
"tt0405496","16"
"tt0405508","1"
"tt0405508","3"
"tt0406046","1"
"tt0407612","1"
"tt0407612","12"
"tt0407887","1"
"tt0407887","8"
"tt0407887","9"
"tt0407936","1"
"tt0407936","14"
"tt0408056","1"
"tt0408236","1"
"tt0408236","10"
"tt0408236","19"
"tt0408306","1"
"tt0408306","5"
"tt0408306","13"
"tt0409459","1"
"tt0409459","5"
"tt0409459","6"
"tt0411291","1"
"tt0411291","7"
"tt0411477","2"
"tt0411477","4"
"tt0411477","5"
"tt0412019","1"
"tt0412019","3"
"tt0412019","6"
"tt0412080","1"
"tt0412080","12"
"tt0412080","20"
"tt0412366","1"
"tt0412366","11"
"tt0414387","1"
"tt0414387","7"
"tt0414852","5"
"tt0414852","8"
"tt0414852","18"
"tt0414993","1"
"tt0414993","6"
"tt0414993","7"
"tt0416320","1"
"tt0416320","7"
"tt0416320","9"
"tt0416449","1"
"tt0416449","5"
"tt0416508","1"
"tt0416508","7"
"tt0416508","12"
"tt0417741","2"
"tt0417741","5"
"tt0417741","11"
"tt0418279","2"
"tt0418279","5"
"tt0418279","18"
"tt0418689","1"
"tt0418689","2"
"tt0418689","5"
"tt0418763","1"
"tt0418763","5"
"tt0418763","12"
"tt0419887","1"
"tt0419909","1"
"tt0419909","3"
"tt0419967","1"
"tt0419967","12"
"tt0420223","1"
"tt0420223","3"
"tt0420223","4"
"tt0421082","1"
"tt0421082","12"
"tt0421082","14"
"tt0421715","1"
"tt0421715","4"
"tt0421715","7"
"tt0423510","1"
"tt0423510","12"
"tt0423977","1"
"tt0423977","3"
"tt0423977","7"
"tt0424136","1"
"tt0424136","9"
"tt0424345","3"
"tt0425112","3"
"tt0425112","5"
"tt0425112","6"
"tt0425210","1"
"tt0425210","6"
"tt0425210","8"
"tt0426931","1"
"tt0426931","14"
"tt0427309","1"
"tt0427309","7"
"tt0427309","12"
"tt0427312","12"
"tt0427312","16"
"tt0427470","1"
"tt0427470","8"
"tt0427470","9"
"tt0427944","1"
"tt0427944","3"
"tt0428803","11"
"tt0428803","16"
"tt0431197","1"
"tt0431197","5"
"tt0431197","9"
"tt0431308","1"
"tt0431308","3"
"tt0431308","7"
"tt0431420","1"
"tt0431420","6"
"tt0431420","8"
"tt0432283","2"
"tt0432283","3"
"tt0432283","17"
"tt0433035","1"
"tt0433035","5"
"tt0433035","18"
"tt0433383","1"
"tt0433383","12"
"tt0433383","13"
"tt0434409","1"
"tt0434409","5"
"tt0434409","18"
"tt0435625","2"
"tt0435625","9"
"tt0435625","10"
"tt0435761","2"
"tt0435761","3"
"tt0435761","17"
"tt0436697","1"
"tt0436697","12"
"tt0436697","13"
"tt0437086","2"
"tt0437086","5"
"tt0437086","18"
"tt0437806","16"
"tt0439856","3"
"tt0440963","5"
"tt0440963","6"
"tt0440963","9"
"tt0441773","2"
"tt0441773","5"
"tt0441773","17"
"tt0441909","1"
"tt0441909","3"
"tt0443272","1"
"tt0443272","12"
"tt0443272","13"
"tt0443453","3"
"tt0443518","1"
"tt0443518","7"
"tt0443543","1"
"tt0443543","4"
"tt0443543","13"
"tt0443680","1"
"tt0443680","8"
"tt0443680","12"
"tt0443706","1"
"tt0443706","6"
"tt0443706","8"
"tt0444518","1"
"tt0444518","7"
"tt0444518","15"
"tt0445922","1"
"tt0445922","4"
"tt0445922","13"
"tt0445990","1"
"tt0445990","12"
"tt0445990","20"
"tt0446029","3"
"tt0446029","4"
"tt0446029","5"
"tt0446059","1"
"tt0446059","5"
"tt0446059","12"
"tt0446724","2"
"tt0446724","5"
"tt0446724","17"
"tt0446755","1"
"tt0446755","7"
"tt0448115","2"
"tt0448115","3"
"tt0448115","5"
"tt0448134","9"
"tt0448134","18"
"tt0449059","1"
"tt0449059","3"
"tt0449088","2"
"tt0449088","4"
"tt0449088","5"
"tt0449467","1"
"tt0450188","1"
"tt0450188","12"
"tt0450188","14"
"tt0450259","1"
"tt0450259","2"
"tt0450259","9"
"tt0451094","1"
"tt0451094","8"
"tt0451094","9"
"tt0451279","2"
"tt0451279","4"
"tt0451279","5"
"tt0452623","1"
"tt0452623","6"
"tt0452623","8"
"tt0452694","1"
"tt0452694","4"
"tt0452694","7"
"tt0453446","2"
"tt0453446","16"
"tt0453446","17"
"tt0453467","5"
"tt0453467","8"
"tt0453467","18"
"tt0453562","1"
"tt0453562","12"
"tt0453562","20"
"tt0454848","1"
"tt0454848","6"
"tt0454848","8"
"tt0454876","1"
"tt0454876","2"
"tt0454876","4"
"tt0454921","1"
"tt0454921","12"
"tt0455590","1"
"tt0455590","12"
"tt0455590","13"
"tt0455944","5"
"tt0455944","8"
"tt0455944","9"
"tt0456554","3"
"tt0457430","1"
"tt0457430","4"
"tt0457430","15"
"tt0460740","1"
"tt0460740","3"
"tt0460740","7"
"tt0460791","1"
"tt0460791","2"
"tt0460791","4"
"tt0461770","3"
"tt0461770","11"
"tt0461770","17"
"tt0462322","5"
"tt0462322","9"
"tt0462322","10"
"tt0462499","5"
"tt0462499","9"
"tt0462504","1"
"tt0462504","5"
"tt0462504","12"
"tt0462538","2"
"tt0462538","3"
"tt0462538","17"
"tt0463854","5"
"tt0463854","10"
"tt0463854","18"
"tt0463998","1"
"tt0463998","8"
"tt0463998","12"
"tt0464141","1"
"tt0464141","4"
"tt0464141","10"
"tt0465538","1"
"tt0465538","6"
"tt0465538","8"
"tt0465551","1"
"tt0465551","7"
"tt0465551","8"
"tt0467406","1"
"tt0467406","3"
"tt0468489","1"
"tt0468492","1"
"tt0468492","5"
"tt0468492","10"
"tt0468569","1"
"tt0468569","5"
"tt0468569","8"
"tt0469494","1"
"tt0470752","1"
"tt0470752","9"
"tt0470752","18"
"tt0472033","2"
"tt0472033","5"
"tt0472033","17"
"tt0472043","1"
"tt0472043","2"
"tt0472043","5"
"tt0472062","1"
"tt0472062","3"
"tt0472062","12"
"tt0473389","1"
"tt0473389","12"
"tt0473434","12"
"tt0473434","16"
"tt0473705","1"
"tt0473705","6"
"tt0473705","8"
"tt0475276","1"
"tt0475276","5"
"tt0475276","13"
"tt0475296","1"
"tt0475296","13"
"tt0475296","16"
"tt0476735","1"
"tt0476735","11"
"tt0477139","1"
"tt0477139","3"
"tt0477139","4"
"tt0477348","1"
"tt0477348","8"
"tt0477348","9"
"tt0478134","1"
"tt0478134","6"
"tt0478134","8"
"tt0478970","2"
"tt0478970","3"
"tt0478970","5"
"tt0479143","1"
"tt0479143","5"
"tt0479143","20"
"tt0480025","1"
"tt0480025","8"
"tt0480249","1"
"tt0480249","2"
"tt0480249","5"
"tt0480669","6"
"tt0480669","10"
"tt0480669","18"
"tt0481499","2"
"tt0481499","5"
"tt0481499","17"
"tt0482552","1"
"tt0482552","3"
"tt0482571","1"
"tt0482571","6"
"tt0482571","18"
"tt0485947","1"
"tt0485947","4"
"tt0485947","7"
"tt0486420","1"
"tt0486420","11"
"tt0486420","21"
"tt0486655","2"
"tt0486655","4"
"tt0486655","11"
"tt0487907","1"
"tt0488120","1"
"tt0488120","8"
"tt0488120","9"
"tt0490204","1"
"tt0490215","1"
"tt0490215","13"
"tt0493430","3"
"tt0493430","5"
"tt0493430","16"
"tt0495027","1"
"tt0495027","8"
"tt0497116","16"
"tt0497116","22"
"tt0497465","1"
"tt0497465","3"
"tt0497465","7"
"tt0498360","1"
"tt0498360","8"
"tt0498380","1"
"tt0498380","2"
"tt0498380","5"
"tt0499260","1"
"tt0499516","13"
"tt0499516","16"
"tt0499549","2"
"tt0499549","4"
"tt0499549","5"
"tt0756683","1"
"tt0756683","4"
"tt0756683","18"
"tt0758751","1"
"tt0758751","12"
"tt0758758","1"
"tt0758758","2"
"tt0758758","12"
"tt0758774","1"
"tt0758774","5"
"tt0758774","9"
"tt0758794","1"
"tt0758794","20"
"tt0759612","1"
"tt0759612","8"
"tt0759612","12"
"tt0765010","1"
"tt0765010","5"
"tt0765010","9"
"tt0765429","1"
"tt0765429","8"
"tt0765429","12"
"tt0765443","1"
"tt0765443","5"
"tt0765443","8"
"tt0765458","2"
"tt0765458","4"
"tt0765458","9"
"tt0770828","2"
"tt0770828","5"
"tt0770828","18"
"tt0774118","16"
"tt0780504","1"
"tt0780504","8"
"tt0780511","1"
"tt0780521","2"
"tt0780521","3"
"tt0780521","17"
"tt0780536","1"
"tt0780536","3"
"tt0780536","8"
"tt0780571","1"
"tt0780571","8"
"tt0780571","9"
"tt0783233","1"
"tt0783233","6"
"tt0783233","7"
"tt0783494","1"
"tt0783494","7"
"tt0787484","1"
"tt0787484","12"
"tt0790636","1"
"tt0790636","12"
"tt0790724","5"
"tt0790724","9"
"tt0795368","3"
"tt0796366","2"
"tt0796366","5"
"tt0796366","18"
"tt0800039","1"
"tt0800039","3"
"tt0800039","7"
"tt0800095","1"
"tt0800095","8"
"tt0800369","2"
"tt0800369","4"
"tt0800369","5"
"tt0804497","1"
"tt0804497","3"
"tt0804497","7"
"tt0805540","3"
"tt0805540","5"
"tt0805540","17"
"tt0805564","1"
"tt0805564","3"
"tt0805564","7"
"tt0808417","1"
"tt0808417","12"
"tt0808417","17"
"tt0808482","16"
"tt0808506","2"
"tt0808506","3"
"tt0808506","17"
"tt0810746","16"
"tt0810819","1"
"tt0810819","7"
"tt0810819","12"
"tt0813980","2"
"tt0813980","5"
"tt0813980","8"
"tt0814314","1"
"tt0815241","3"
"tt0815241","15"
"tt0815241","16"
"tt0816442","1"
"tt0816442","15"
"tt0816671","2"
"tt0816671","5"
"tt0816671","17"
"tt0816692","1"
"tt0816692","2"
"tt0816692","18"
"tt0816711","2"
"tt0816711","5"
"tt0816711","10"
"tt0817177","1"
"tt0817177","3"
"tt0817177","7"
"tt0821638","1"
"tt0821638","13"
"tt0821638","21"
"tt0822832","1"
"tt0822832","3"
"tt0822832","11"
"tt0822854","1"
"tt0822854","5"
"tt0822854","9"
"tt0824747","1"
"tt0824747","8"
"tt0824747","12"
"tt0825232","1"
"tt0825232","3"
"tt0829482","3"
"tt0832266","1"
"tt0832266","3"
"tt0832266","7"
"tt0837562","3"
"tt0837562","11"
"tt0837562","17"
"tt0838221","1"
"tt0838221","2"
"tt0838221","3"
"tt0840361","1"
"tt0840361","8"
"tt0840361","9"
"tt0842926","1"
"tt0842926","3"
"tt0842926","7"
"tt0844330","1"
"tt0844330","7"
"tt0844794","1"
"tt0844794","7"
"tt0848228","2"
"tt0848228","5"
"tt0848228","18"
"tt0851430","1"
"tt0851430","12"
"tt0851430","13"
"tt0851578","1"
"tt0851578","4"
"tt0851578","17"
"tt0853153","1"
"tt0853153","12"
"tt0856797","2"
"tt0856797","5"
"tt0856797","17"
"tt0861739","1"
"tt0861739","5"
"tt0861739","8"
"tt0870111","1"
"tt0870111","12"
"tt0870111","13"
"tt0871510","1"
"tt0871510","11"
"tt0871510","20"
"tt0875695","8"
"tt0875695","16"
"tt0876563","2"
"tt0876563","3"
"tt0876563","17"
"tt0878804","1"
"tt0878804","12"
"tt0878804","20"
"tt0884328","9"
"tt0884328","10"
"tt0884328","18"
"tt0887883","1"
"tt0887883","3"
"tt0887883","8"
"tt0887912","1"
"tt0887912","9"
"tt0887912","15"
"tt0892769","2"
"tt0892769","5"
"tt0892769","17"
"tt0898367","1"
"tt0903624","2"
"tt0903624","4"
"tt0905345","1"
"tt0905345","8"
"tt0907657","1"
"tt0907657","7"
"tt0907657","14"
"tt0910970","2"
"tt0910970","11"
"tt0910970","17"
"tt0914798","1"
"tt0914798","15"
"tt0914863","1"
"tt0914863","8"
"tt0914863","9"
"tt0918927","1"
"tt0918927","6"
"tt0926084","2"
"tt0926084","4"
"tt0926084","11"
"tt0929632","1"
"tt0929864","1"
"tt0929864","7"
"tt0929864","11"
"tt0936501","5"
"tt0936501","9"
"tt0942385","3"
"tt0942385","5"
"tt0942385","15"
"tt0945513","1"
"tt0945513","5"
"tt0945513","6"
"tt0947798","1"
"tt0947798","9"
"tt0950740","1"
"tt0950740","3"
"tt0959337","1"
"tt0959337","7"
"tt0960143","1"
"tt0960143","11"
"tt0960143","21"
"tt0962736","1"
"tt0962736","12"
"tt0962736","13"
"tt0964517","1"
"tt0964517","12"
"tt0964517","20"
"tt0970179","1"
"tt0970179","4"
"tt0970179","11"
"tt0976051","1"
"tt0976051","7"
"tt0978762","1"
"tt0978762","3"
"tt0978762","17"
"tt0983193","2"
"tt0983193","5"
"tt0983193","17"
"tt0985699","1"
"tt0985699","9"
"tt0985699","13"
"tt0986233","1"
"tt0986233","12"
"tt0986264","1"
"tt0986264","11"
"tt0988045","2"
"tt0988045","5"
"tt0988045","6"
"tt0988047","1"
"tt0988047","5"
"tt0988047","8"
"tt0991178","1"
"tt0991178","5"
"tt0991178","18"
"tt0992993","1"
"tt0992993","12"
"tt0992993","13"
"tt0993846","1"
"tt0993846","8"
"tt0993846","12"
"tt0995036","1"
"tt0995036","12"
"tt0995036","13"
"tt1000070","2"
"tt1000070","3"
"tt1000070","17"
"tt1000764","16"
"tt1000771","1"
"tt1000771","13"
"tt1001526","3"
"tt1001526","5"
"tt1001526","17"
"tt10090796","16"
"tt1010048","1"
"tt1010048","7"
"tt1010278","1"
"tt1010278","12"
"tt1010278","15"
"tt1013753","1"
"tt1013753","12"
"tt1019452","1"
"tt1019452","3"
"tt1019454","1"
"tt1019454","15"
"tt1020072","1"
"tt1020072","12"
"tt1020072","13"
"tt1022603","1"
"tt1022603","3"
"tt1022603","7"
"tt1023114","1"
"tt1023114","2"
"tt1023114","13"
"tt1024648","1"
"tt1024648","9"
"tt1024648","12"
"tt1028528","2"
"tt1028528","5"
"tt1028528","9"
"tt1028532","1"
"tt1028532","11"
"tt1029234","10"
"tt10324166","3"
"tt1032755","5"
"tt1032755","8"
"tt1032755","9"
"tt1032846","1"
"tt1033575","1"
"tt1033575","3"
"tt1034303","1"
"tt1034303","5"
"tt1034303","13"
"tt10345008","1"
"tt10345008","7"
"tt1038988","2"
"tt1038988","4"
"tt1038988","5"
"tt10422658","16"
"tt1043903","1"
"tt1043903","7"
"tt1045658","1"
"tt1045658","3"
"tt1045658","7"
"tt1049413","2"
"tt1049413","3"
"tt1049413","17"
"tt10515852","2"
"tt10515852","3"
"tt10515852","17"
"tt1051906","6"
"tt1051906","10"
"tt1051906","18"
"tt1057500","1"
"tt1057500","12"
"tt1057500","13"
"tt1060277","2"
"tt1060277","5"
"tt1060277","10"
"tt1063669","1"
"tt1063669","9"
"tt1064884","1"
"tt1064884","6"
"tt1064884","8"
"tt1065073","1"
"tt1073510","1"
"tt1073510","7"
"tt1073510","12"
"tt1074638","2"
"tt1074638","5"
"tt1074638","9"
"tt1076240","1"
"tt1076240","12"
"tt1076240","13"
"tt1077258","2"
"tt1077258","3"
"tt1077258","5"
"tt1078588","1"
"tt1078588","11"
"tt1083452","1"
"tt1083452","3"
"tt1083452","12"
"tt1091191","1"
"tt1091191","5"
"tt1091191","12"
"tt1092026","2"
"tt1092026","3"
"tt1092026","18"
"tt1092058","16"
"tt1100089","1"
"tt1100089","12"
"tt1100089","20"
"tt1101637","1"
"tt1105729","1"
"tt1105729","4"
"tt1105729","11"
"tt1109624","2"
"tt1109624","3"
"tt1109624","11"
"tt1116184","3"
"tt1116184","5"
"tt1116184","16"
"tt1117385","1"
"tt1117385","8"
"tt1119646","3"
"tt1120985","1"
"tt1120985","7"
"tt1124035","1"
"tt1124035","9"
"tt1125194","19"
"tt1125849","1"
"tt1125849","20"
"tt1126514","16"
"tt1126590","1"
"tt1126590","8"
"tt1126590","12"
"tt1130884","6"
"tt1130884","9"
"tt1131729","1"
"tt1131729","3"
"tt1131729","14"
"tt11324534","1"
"tt11324534","3"
"tt11324534","7"
"tt1132620","1"
"tt1132620","6"
"tt1132620","8"
"tt1132623","1"
"tt1132623","12"
"tt1135503","1"
"tt1135503","7"
"tt1135503","12"
"tt1136608","5"
"tt1136608","9"
"tt1136608","18"
"tt1139328","1"
"tt1139328","6"
"tt1139328","9"
"tt1139797","1"
"tt1139797","4"
"tt1139797","8"
"tt1146431","2"
"tt1146431","5"
"tt1146431","17"
"tt1149362","1"
"tt1149362","6"
"tt1149362","13"
"tt1152836","1"
"tt1152836","8"
"tt1152836","12"
"tt1153112","1"
"tt1153112","8"
"tt1155056","3"
"tt1155056","7"
"tt1155592","12"
"tt1155592","13"
"tt1155592","16"
"tt1156398","2"
"tt1156398","3"
"tt1156398","4"
"tt1164999","1"
"tt1164999","7"
"tt1166100","1"
"tt1166100","5"
"tt1166100","6"
"tt1170358","2"
"tt1170358","4"
"tt1172049","1"
"tt1172049","3"
"tt1172049","5"
"tt1172570","5"
"tt1172570","8"
"tt1172570","12"
"tt1173494","1"
"tt1173494","15"
"tt1173907","16"
"tt1173907","18"
"tt1174732","1"
"tt1176740","1"
"tt1176740","3"
"tt1176740","7"
"tt1178663","3"
"tt1178663","7"
"tt1179933","1"
"tt1179933","5"
"tt1179933","10"
"tt1182345","1"
"tt1182345","6"
"tt1182345","18"
"tt1185616","12"
"tt1185616","16"
"tt1185616","17"
"tt1186830","1"
"tt1186830","2"
"tt1186830","12"
"tt1187043","1"
"tt1187043","3"
"tt1188996","1"
"tt1189073","1"
"tt1189073","9"
"tt1189073","10"
"tt1189340","1"
"tt1189340","8"
"tt1189340","9"
"tt1189345","16"
"tt1190539","5"
"tt1190539","8"
"tt1190539","9"
"tt1191111","1"
"tt1191111","4"
"tt1192628","2"
"tt1192628","3"
"tt1192628","17"
"tt1193138","1"
"tt1193138","3"
"tt1193138","7"
"tt1197624","1"
"tt1197624","5"
"tt1197624","8"
"tt1201607","1"
"tt1201607","2"
"tt1201607","4"
"tt1204342","2"
"tt1204342","3"
"tt1204342","11"
"tt1205489","1"
"tt12078990","16"
"tt1210166","1"
"tt1210166","12"
"tt1210166","20"
"tt1211837","2"
"tt1211837","4"
"tt1211837","5"
"tt1212450","1"
"tt1212450","8"
"tt1213641","1"
"tt1213641","12"
"tt1213641","13"
"tt1213663","3"
"tt1213663","18"
"tt1216487","1"
"tt1216487","6"
"tt1216487","8"
"tt1217209","2"
"tt1217209","3"
"tt1217209","17"
"tt1219289","9"
"tt1219289","18"
"tt1220719","1"
"tt1220719","5"
"tt1220719","12"
"tt1226774","3"
"tt1228705","2"
"tt1228705","5"
"tt1228705","18"
"tt1228987","1"
"tt1228987","4"
"tt1228987","10"
"tt1229238","2"
"tt1229238","5"
"tt1229238","9"
"tt1229822","1"
"tt1229822","7"
"tt1232047","2"
"tt1232047","3"
"tt1232047","17"
"tt1232776","1"
"tt1232829","3"
"tt1232829","5"
"tt1232829","8"
"tt1235166","1"
"tt1235166","8"
"tt1235534","16"
"tt1235535","16"
"tt1242422","2"
"tt1242422","5"
"tt1242422","8"
"tt1242460","1"
"tt1242460","6"
"tt1242460","9"
"tt1245526","3"
"tt1245526","5"
"tt1245526","8"
"tt1250777","3"
"tt1250777","5"
"tt1250777","8"
"tt1255953","1"
"tt1255953","6"
"tt1255953","15"
"tt1259521","10"
"tt1259528","1"
"tt1259528","5"
"tt1259528","8"
"tt1259573","1"
"tt1259573","6"
"tt1259573","8"
"tt1259574","1"
"tt1259574","6"
"tt1259574","8"
"tt1260581","1"
"tt1260581","6"
"tt1260581","8"
"tt1263670","1"
"tt1263670","7"
"tt1263670","14"
"tt1263704","12"
"tt1263704","13"
"tt1263704","16"
"tt1265998","2"
"tt1265998","5"
"tt1265998","17"
"tt1270262","1"
"tt1270262","9"
"tt1270262","12"
"tt1270798","2"
"tt1270798","5"
"tt1270798","18"
"tt1273675","1"
"tt1273675","7"
"tt1273675","19"
"tt1276104","1"
"tt1276104","5"
"tt1276104","18"
"tt1278469","1"
"tt1278469","12"
"tt1280558","1"
"tt1280558","5"
"tt1280558","8"
"tt1282052","10"
"tt1282052","16"
"tt1282140","1"
"tt1282140","3"
"tt1282140","7"
"tt1285016","1"
"tt1285016","12"
"tt1285125","16"
"tt1289406","1"
"tt1289406","5"
"tt1289406","8"
"tt1291584","1"
"tt1291584","5"
"tt1291584","20"
"tt1292594","1"
"tt1295085","1"
"tt1295085","12"
"tt1300854","2"
"tt1300854","5"
"tt1300854","18"
"tt1302006","1"
"tt1302006","8"
"tt1302006","12"
"tt1302011","2"
"tt1302011","5"
"tt1302011","17"
"tt1305806","1"
"tt1305806","6"
"tt1305806","7"
"tt1306980","1"
"tt1306980","3"
"tt1306980","7"
"tt1311076","1"
"tt1311076","12"
"tt1312203","13"
"tt1312203","16"
"tt1312251","1"
"tt1312251","4"
"tt1312251","11"
"tt1313092","1"
"tt1313092","8"
"tt1315216","1"
"tt1315216","8"
"tt1315981","1"
"tt1315981","7"
"tt1318514","1"
"tt1318514","5"
"tt1318514","18"
"tt1322269","1"
"tt1322269","3"
"tt1323594","3"
"tt1323594","11"
"tt1323594","17"
"tt1324027","3"
"tt1327773","1"
"tt1327773","12"
"tt1327788","1"
"tt1327788","3"
"tt1327788","11"
"tt1334260","1"
"tt1334260","7"
"tt1334260","18"
"tt1340800","1"
"tt1340800","6"
"tt1340800","9"
"tt1341167","1"
"tt1341167","3"
"tt1341167","8"
"tt1343092","1"
"tt1343092","7"
"tt1343097","1"
"tt1343097","8"
"tt1343097","9"
"tt1343727","5"
"tt1343727","8"
"tt1343727","18"
"tt1345836","2"
"tt1345836","5"
"tt1346983","1"
"tt1346983","7"
"tt1347512","3"
"tt1347512","16"
"tt1355631","1"
"tt1355631","8"
"tt1355631","12"
"tt1355644","1"
"tt1355644","7"
"tt1355644","18"
"tt1363109","11"
"tt1363109","16"
"tt1365050","1"
"tt1365050","15"
"tt1371111","1"
"tt1371111","5"
"tt1371111","6"
"tt1371711","16"
"tt1375666","2"
"tt1375666","5"
"tt1375666","18"
"tt1379182","1"
"tt1379182","9"
"tt1385826","7"
"tt1385826","9"
"tt1385826","18"
"tt1386932","1"
"tt1386932","5"
"tt1386932","12"
"tt1389137","1"
"tt1389137","3"
"tt1389137","11"
"tt1392170","2"
"tt1392170","5"
"tt1392170","18"
"tt1392190","2"
"tt1392190","5"
"tt1392190","18"
"tt1392214","1"
"tt1392214","6"
"tt1392214","8"
"tt1396484","10"
"tt1398426","1"
"tt1398426","12"
"tt1398426","13"
"tt1399683","1"
"tt1399683","6"
"tt1403177","1"
"tt1403177","3"
"tt1403177","8"
"tt1403865","1"
"tt1403865","21"
"tt1403981","1"
"tt1403981","7"
"tt1408101","2"
"tt1408101","5"
"tt1408101","18"
"tt1412386","1"
"tt1412386","3"
"tt1412386","7"
"tt1424432","12"
"tt1424432","16"
"tt1424432","20"
"tt1431045","2"
"tt1431045","3"
"tt1431045","5"
"tt1433811","1"
"tt1433811","9"
"tt1433852","16"
"tt1436045","1"
"tt1436045","2"
"tt1436045","5"
"tt1439572","1"
"tt1439572","7"
"tt1439572","18"
"tt1440292","1"
"tt1440292","3"
"tt1440292","7"
"tt1446192","2"
"tt1446192","5"
"tt1446192","17"
"tt1446714","2"
"tt1446714","6"
"tt1446714","18"
"tt1449175","1"
"tt1450321","1"
"tt1450321","3"
"tt1450321","8"
"tt1453405","2"
"tt1453405","3"
"tt1453405","17"
"tt1454029","1"
"tt1454468","1"
"tt1454468","9"
"tt1454468","18"
"tt1457767","6"
"tt1457767","9"
"tt1457767","10"
"tt1458175","1"
"tt1458175","5"
"tt1458175","8"
"tt1462758","1"
"tt1462758","6"
"tt1462758","9"
"tt1465522","3"
"tt1465522","10"
"tt1478841","16"
"tt1483013","2"
"tt1483013","5"
"tt1483013","18"
"tt1485796","1"
"tt1485796","12"
"tt1485796","19"
"tt1489887","3"
"tt1490017","2"
"tt1490017","5"
"tt1490017","17"
"tt1504320","1"
"tt1504320","12"
"tt1504320","13"
"tt1510938","1"
"tt1515091","2"
"tt1515091","5"
"tt1515091","6"
"tt1517451","1"
"tt1517451","7"
"tt1517451","14"
"tt1527186","1"
"tt1527186","18"
"tt1527788","1"
"tt1527788","5"
"tt1527788","8"
"tt1532503","1"
"tt1532503","3"
"tt1532503","7"
"tt1535109","2"
"tt1535109","8"
"tt1535109","12"
"tt1540133","3"
"tt1540133","8"
"tt1540133","9"
"tt1542344","1"
"tt1542344","12"
"tt1543920","2"
"tt1543920","5"
"tt1543920","17"
"tt1549572","1"
"tt1549572","7"
"tt1549572","18"
"tt1555126","1"
"tt1555126","7"
"tt1555126","12"
"tt1555149","1"
"tt1555149","5"
"tt1555149","8"
"tt1559025","1"
"tt1559025","12"
"tt1560747","1"
"tt1560779","1"
"tt1560779","4"
"tt1560779","11"
"tt1562872","1"
"tt1562872","3"
"tt1563738","1"
"tt1563738","7"
"tt1566591","12"
"tt1566591","16"
"tt1566591","20"
"tt1567609","1"
"tt1567609","5"
"tt1567609","8"
"tt1568346","1"
"tt1568346","6"
"tt1568346","8"
"tt1568911","1"
"tt1568911","2"
"tt1568911","5"
"tt1568921","2"
"tt1568921","11"
"tt1568921","17"
"tt1570728","1"
"tt1570728","3"
"tt1570728","7"
"tt1579306","1"
"tt1579306","7"
"tt1587310","2"
"tt1587310","5"
"tt1587310","11"
"tt1587707","3"
"tt1587707","8"
"tt1587707","16"
"tt1588170","1"
"tt1588170","5"
"tt1588170","8"
"tt1596343","2"
"tt1596343","5"
"tt1596343","8"
"tt1596363","1"
"tt1596363","3"
"tt1596363","12"
"tt1597178","1"
"tt1597178","12"
"tt1597178","14"
"tt1600196","1"
"tt1600196","8"
"tt1600196","9"
"tt1602620","1"
"tt1602620","7"
"tt1605717","1"
"tt1605717","3"
"tt1605717","14"
"tt1605783","3"
"tt1605783","4"
"tt1605783","7"
"tt1606392","1"
"tt1606392","3"
"tt1606392","20"
"tt1614989","5"
"tt1614989","8"
"tt1614989","9"
"tt1615147","1"
"tt1615147","9"
"tt1615160","5"
"tt1615160","9"
"tt1623288","2"
"tt1623288","3"
"tt1623288","17"
"tt1631867","2"
"tt1631867","5"
"tt1631867","18"
"tt1632679","12"
"tt1632679","16"
"tt1638002","3"
"tt1638002","7"
"tt1638355","2"
"tt1638355","3"
"tt1638355","5"
"tt1642627","16"
"tt1645089","8"
"tt1645089","16"
"tt1646971","2"
"tt1646971","5"
"tt1646971","17"
"tt1649419","1"
"tt1649419","9"
"tt1649419","13"
"tt1650062","2"
"tt1650062","5"
"tt1650062","18"
"tt1651062","1"
"tt1651062","7"
"tt1651062","12"
"tt1655441","1"
"tt1655441","4"
"tt1655441","7"
"tt1655442","1"
"tt1655442","3"
"tt1655442","7"
"tt1659337","1"
"tt1659337","7"
"tt1663202","1"
"tt1663202","2"
"tt1663202","5"
"tt1670345","6"
"tt1670345","8"
"tt1670345","9"
"tt1675192","1"
"tt1675192","9"
"tt1675192","10"
"tt1675434","1"
"tt1675434","3"
"tt1675434","12"
"tt1677720","2"
"tt1677720","5"
"tt1677720","18"
"tt1683526","1"
"tt1684226","1"
"tt1684226","7"
"tt1684226","13"
"tt1686812","1"
"tt1686812","7"
"tt1690953","2"
"tt1690953","3"
"tt1690953","17"
"tt1691338","3"
"tt1691338","11"
"tt1691338","17"
"tt1692486","1"
"tt1692486","3"
"tt1697851","3"
"tt1697851","5"
"tt1697851","8"
"tt1699225","1"
"tt1699225","11"
"tt1704292","5"
"tt1704292","18"
"tt1705977","3"
"tt1705977","16"
"tt1706593","1"
"tt1706593","9"
"tt1706593","18"
"tt1706620","1"
"tt1706620","5"
"tt1706620","18"
"tt1707386","1"
"tt1707386","13"
"tt1707386","19"
"tt1708658","1"
"tt1709157","1"
"tt1709157","7"
"tt1710573","1"
"tt1710573","8"
"tt1712046","16"
"tt1714206","1"
"tt1714206","3"
"tt1714206","7"
"tt1714915","1"
"tt1714915","3"
"tt1714915","4"
"tt1723121","3"
"tt1723121","8"
"tt1723811","1"
"tt1727388","1"
"tt1727388","3"
"tt1727824","1"
"tt1727824","12"
"tt1727824","14"
"tt1740707","1"
"tt1740707","4"
"tt1740707","10"
"tt1742683","1"
"tt1742683","12"
"tt1742683","13"
"tt1748122","1"
"tt1748122","3"
"tt1748122","7"
"tt1753383","1"
"tt1753383","2"
"tt1753383","3"
"tt1754656","1"
"tt1754656","2"
"tt1754656","17"
"tt1772341","2"
"tt1772341","3"
"tt1772341","17"
"tt1790885","1"
"tt1790885","9"
"tt1790885","13"
"tt1798684","1"
"tt1798684","5"
"tt1798684","20"
"tt1798709","1"
"tt1798709","7"
"tt1798709","18"
"tt1800241","1"
"tt1800241","8"
"tt1809398","1"
"tt1809398","5"
"tt1809398","12"
"tt1817273","1"
"tt1817273","8"
"tt1817273","9"
"tt1821480","6"
"tt1821480","9"
"tt1821549","1"
"tt1821549","2"
"tt1821549","3"
"tt1825683","2"
"tt1825683","5"
"tt1825683","18"
"tt1825918","2"
"tt1825918","5"
"tt1825918","17"
"tt1832382","1"
"tt1839492","1"
"tt1839492","3"
"tt1839492","4"
"tt1840417","1"
"tt1840417","6"
"tt1840417","7"
"tt1843866","2"
"tt1843866","5"
"tt1843866","18"
"tt1848902","1"
"tt1848902","12"
"tt1848902","13"
"tt1853728","1"
"tt1853728","21"
"tt1855199","1"
"tt1855199","5"
"tt1855199","8"
"tt1856101","1"
"tt1856101","5"
"tt1856101","6"
"tt1857772","16"
"tt1860357","1"
"tt1860357","5"
"tt1860357","13"
"tt1862079","1"
"tt1862079","3"
"tt1862079","7"
"tt1872194","1"
"tt1872194","8"
"tt1874757","1"
"tt1874757","4"
"tt1874757","11"
"tt1877740","1"
"tt1877740","3"
"tt1877832","2"
"tt1877832","5"
"tt1877832","18"
"tt1878870","1"
"tt1878870","3"
"tt1895587","1"
"tt1895587","8"
"tt1895587","12"
"tt1899353","5"
"tt1899353","9"
"tt1905041","2"
"tt1905041","5"
"tt1905041","9"
"tt1907668","1"
"tt1907668","9"
"tt1912398","1"
"tt1912398","3"
"tt1912398","8"
"tt1924396","1"
"tt1924396","6"
"tt1924396","8"
"tt1931533","3"
"tt1931533","8"
"tt1935179","1"
"tt1937149","6"
"tt1937149","9"
"tt1950186","1"
"tt1950186","5"
"tt1950186","12"
"tt1951264","2"
"tt1951264","5"
"tt1951264","6"
"tt1954299","12"
"tt1954299","16"
"tt1954470","1"
"tt1954470","5"
"tt1954470","8"
"tt1969057","1"
"tt1977894","14"
"tt1977894","16"
"tt1979320","1"
"tt1979320","5"
"tt1979320","12"
"tt1979376","2"
"tt1979376","3"
"tt1979376","17"
"tt1980929","1"
"tt1980929","3"
"tt1980929","14"
"tt1981637","1"
"tt1981637","3"
"tt1981677","3"
"tt1981677","7"
"tt1981677","14"
"tt1990314","1"
"tt1990314","3"
"tt1990314","8"
"tt2004262","1"
"tt2004262","5"
"tt2004262","8"
"tt2005151","3"
"tt2005151","8"
"tt2005151","12"
"tt2013293","1"
"tt2013293","12"
"tt2013293","17"
"tt2015381","2"
"tt2015381","3"
"tt2015381","5"
"tt2024544","1"
"tt2024544","12"
"tt2024544","13"
"tt2033193","3"
"tt2033193","19"
"tt2040264","3"
"tt2040264","19"
"tt2042568","1"
"tt2042568","3"
"tt2042568","14"
"tt2053425","1"
"tt2053425","7"
"tt2053463","1"
"tt2053463","6"
"tt2053463","8"
"tt2057392","1"
"tt2057392","5"
"tt2057392","9"
"tt2066051","1"
"tt2066051","12"
"tt2066051","14"
"tt2076781","3"
"tt2076781","16"
"tt2080374","1"
"tt2080374","12"
"tt2082197","1"
"tt2082197","3"
"tt2082197","7"
"tt2084970","1"
"tt2084970","9"
"tt2084970","12"
"tt2096673","2"
"tt2096673","3"
"tt2096673","17"
"tt2103281","1"
"tt2103281","2"
"tt2103281","5"
"tt2106476","1"
"tt2119532","1"
"tt2119532","12"
"tt2119532","13"
"tt2125435","1"
"tt2125435","2"
"tt2125435","4"
"tt2125608","12"
"tt2125608","14"
"tt2125608","16"
"tt2137442","1"
"tt2137442","12"
"tt2137442","14"
"tt2140373","1"
"tt2140373","3"
"tt2140373","12"
"tt2140479","1"
"tt2140479","5"
"tt2140479","8"
"tt2170593","1"
"tt2170593","3"
"tt2179116","1"
"tt2179116","2"
"tt2179116","3"
"tt2179136","1"
"tt2179136","5"
"tt2179136","12"
"tt2194499","1"
"tt2194499","3"
"tt2194499","4"
"tt2205697","1"
"tt2205697","3"
"tt2205697","7"
"tt2207658","16"
"tt2209418","1"
"tt2209418","7"
"tt2234003","1"
"tt2234003","3"
"tt2235348","1"
"tt2235348","7"
"tt2241676","1"
"tt2241676","7"
"tt2245084","2"
"tt2245084","5"
"tt2245084","17"
"tt2250912","2"
"tt2250912","5"
"tt2250912","18"
"tt2262227","2"
"tt2262227","3"
"tt2262227","17"
"tt2265171","5"
"tt2265171","8"
"tt2265171","9"
"tt2267968","2"
"tt2267968","5"
"tt2267968","17"
"tt2267998","1"
"tt2267998","6"
"tt2267998","9"
"tt2273004","1"
"tt2273004","4"
"tt2273004","11"
"tt2273024","1"
"tt2273024","4"
"tt2273024","11"
"tt2277860","2"
"tt2277860","3"
"tt2277860","17"
"tt2278388","2"
"tt2278388","3"
"tt2278388","8"
"tt2278871","1"
"tt2278871","7"
"tt2294449","3"
"tt2294449","5"
"tt2294449","8"
"tt2294629","2"
"tt2294629","3"
"tt2294629","17"
"tt2305051","1"
"tt2305051","12"
"tt2310332","2"
"tt2310332","4"
"tt2334649","1"
"tt2334649","8"
"tt2334649","12"
"tt2334873","1"
"tt2338151","1"
"tt2338151","3"
"tt2338151","19"
"tt2347569","1"
"tt2347569","3"
"tt2347569","7"
"tt2355762","1"
"tt2355762","11"
"tt2356180","1"
"tt2356180","12"
"tt2356180","20"
"tt2358891","1"
"tt2359024","1"
"tt2359024","8"
"tt2359024","9"
"tt2361509","1"
"tt2361509","3"
"tt2370248","1"
"tt2371381","16"
"tt2374835","12"
"tt2380307","2"
"tt2380307","11"
"tt2380307","17"
"tt2381111","1"
"tt2381111","7"
"tt2381249","2"
"tt2381249","5"
"tt2381249","9"
"tt2386490","2"
"tt2386490","5"
"tt2386490","17"
"tt2390361","1"
"tt2390361","3"
"tt2390361","7"
"tt2395427","2"
"tt2395427","5"
"tt2395427","18"
"tt2397535","1"
"tt2397535","5"
"tt2397535","18"
"tt2400894","16"
"tt2401878","1"
"tt2401878","3"
"tt2401878","17"
"tt2402927","1"
"tt2402927","7"
"tt2404425","1"
"tt2404425","12"
"tt2404425","13"
"tt2421662","1"
"tt2421662","13"
"tt2431286","1"
"tt2431286","3"
"tt2431286","12"
"tt2443936","16"
"tt2443936","17"
"tt2452386","1"
"tt2452386","3"
"tt2485988","1"
"tt2485988","5"
"tt2485988","15"
"tt2488496","2"
"tt2488496","5"
"tt2488496","18"
"tt2494362","1"
"tt2494362","10"
"tt2494362","21"
"tt2527336","2"
"tt2527336","4"
"tt2527336","5"
"tt2543164","1"
"tt2543164","6"
"tt2543164","18"
"tt2543472","1"
"tt2543472","11"
"tt2545118","16"
"tt2547584","1"
"tt2547584","7"
"tt2562232","1"
"tt2562232","3"
"tt2582496","1"
"tt2582496","3"
"tt2582782","1"
"tt2582782","5"
"tt2582782","8"
"tt2582802","1"
"tt2582802","14"
"tt2582846","1"
"tt2582846","7"
"tt2584384","1"
"tt2584384","3"
"tt2584384","15"
"tt2631186","1"
"tt2631186","5"
"tt2660888","2"
"tt2660888","5"
"tt2660888","18"
"tt2663812","1"
"tt2663812","12"
"tt2663812","13"
"tt2671706","1"
"tt2674426","1"
"tt2674426","7"
"tt2692904","1"
"tt2713180","1"
"tt2713180","5"
"tt2713180","15"
"tt2718492","1"
"tt2719848","2"
"tt2719848","5"
"tt2719848","12"
"tt2726560","1"
"tt2726560","7"
"tt2763304","1"
"tt2763790","15"
"tt2771200","4"
"tt2771200","11"
"tt2771200","19"
"tt2788526","5"
"tt2788526","11"
"tt2788526","17"
"tt2802144","2"
"tt2802144","3"
"tt2802144","5"
"tt2820852","2"
"tt2820852","5"
"tt2820852","9"
"tt2866360","1"
"tt2866360","6"
"tt2866360","18"
"tt2872718","1"
"tt2872718","8"
"tt2872718","9"
"tt2880448","12"
"tt2880448","13"
"tt2880448","16"
"tt2883512","1"
"tt2883512","2"
"tt2883512","3"
"tt2884206","1"
"tt2884206","7"
"tt2884206","18"
"tt2910904","1"
"tt2910904","3"
"tt2911666","5"
"tt2911666","8"
"tt2911666","9"
"tt2937752","1"
"tt2937752","8"
"tt2937898","1"
"tt2937898","5"
"tt2937898","8"
"tt2948356","2"
"tt2948356","3"
"tt2948356","17"
"tt2980516","1"
"tt2980516","7"
"tt2980516","12"
"tt2980648","1"
"tt2980648","3"
"tt3000844","1"
"tt3000844","3"
"tt3007512","1"
"tt3007512","13"
"tt3007512","15"
"tt3011894","1"
"tt3011894","3"
"tt3011894","9"
"tt3040964","1"
"tt3040964","2"
"tt3040964","11"
"tt3065204","6"
"tt3065204","9"
"tt3065204","10"
"tt3076658","1"
"tt3076658","20"
"tt3079380","3"
"tt3079380","5"
"tt3079380","8"
"tt3145422","1"
"tt3145422","4"
"tt3145422","10"
"tt3169706","1"
"tt3169706","3"
"tt3169706","12"
"tt3170832","1"
"tt3170832","9"
"tt3183660","2"
"tt3183660","4"
"tt3183660","11"
"tt3197176","1"
"tt3197176","4"
"tt3197176","11"
"tt3202500","1"
"tt3202500","9"
"tt3202500","13"
"tt3203606","1"
"tt3203606","12"
"tt3205394","3"
"tt3205394","7"
"tt3205394","11"
"tt3224458","1"
"tt3224458","12"
"tt3258142","3"
"tt3258142","16"
"tt3263904","1"
"tt3263904","12"
"tt3281548","1"
"tt3281548","7"
"tt3298820","3"
"tt3298820","14"
"tt3298820","17"
"tt3312830","1"
"tt3312830","3"
"tt3312830","14"
"tt3315342","1"
"tt3315342","5"
"tt3315342","18"
"tt3316960","1"
"tt3318220","1"
"tt3318220","7"
"tt3322364","1"
"tt3322364","12"
"tt3322364","20"
"tt3322420","1"
"tt3322420","2"
"tt3322420","3"
"tt3345310","6"
"tt3345310","16"
"tt3356268","1"
"tt3356268","3"
"tt3386954","1"
"tt3386954","12"
"tt3386954","20"
"tt3397884","1"
"tt3397884","5"
"tt3397884","8"
"tt3416532","1"
"tt3416532","2"
"tt3416532","11"
"tt3416742","3"
"tt3416742","10"
"tt3450958","1"
"tt3450958","2"
"tt3450958","5"
"tt3460252","1"
"tt3460252","6"
"tt3460252","8"
"tt3464902","1"
"tt3464902","3"
"tt3464902","7"
"tt3470600","3"
"tt3470600","11"
"tt3470600","17"
"tt3481232","13"
"tt3481232","16"
"tt3488710","1"
"tt3488710","2"
"tt3488710","12"
"tt3498820","2"
"tt3498820","5"
"tt3498820","18"
"tt3501632","2"
"tt3501632","3"
"tt3501632","5"
"tt3521126","1"
"tt3521126","3"
"tt3521126","12"
"tt3521164","2"
"tt3521164","3"
"tt3521164","17"
"tt3532216","3"
"tt3532216","5"
"tt3532216","12"
"tt3539986","1"
"tt3539986","4"
"tt3539986","17"
"tt3544112","1"
"tt3544112","3"
"tt3544112","14"
"tt3553976","1"
"tt3553976","3"
"tt3591568","13"
"tt3591568","16"
"tt3606756","2"
"tt3606756","5"
"tt3606756","17"
"tt3626180","1"
"tt3626180","7"
"tt3626180","11"
"tt3640424","1"
"tt3640424","5"
"tt3640424","7"
"tt3659388","1"
"tt3659388","2"
"tt3659388","18"
"tt3659786","1"
"tt3682448","1"
"tt3682448","9"
"tt3682448","13"
"tt3716530","1"
"tt3716530","8"
"tt3716530","9"
"tt3741834","1"
"tt3741834","12"
"tt3748528","2"
"tt3748528","5"
"tt3748528","18"
"tt3774114","1"
"tt3774114","8"
"tt3774114","12"
"tt3783958","1"
"tt3783958","3"
"tt3783958","14"
"tt3791216","1"
"tt3791216","12"
"tt3791216","13"
"tt3799694","3"
"tt3799694","5"
"tt3799694","8"
"tt3822818","1"
"tt3822818","13"
"tt3822818","15"
"tt3829920","1"
"tt3829920","5"
"tt3829920","12"
"tt3846674","1"
"tt3846674","3"
"tt3846674","7"
"tt3848892","5"
"tt3848892","9"
"tt3850214","1"
"tt3850214","3"
"tt3850214","8"
"tt3863552","1"
"tt3863552","3"
"tt3863552","5"
"tt3889642","1"
"tt3889642","3"
"tt3889642","7"
"tt3890160","1"
"tt3890160","5"
"tt3890160","8"
"tt3895884","3"
"tt3895884","20"
"tt3896198","2"
"tt3896198","3"
"tt3896198","5"
"tt3967856","1"
"tt3967856","2"
"tt3967856","5"
"tt4016934","1"
"tt4016934","7"
"tt4016934","9"
"tt4034228","1"
"tt4034354","1"
"tt4034354","3"
"tt4034354","4"
"tt4044364","9"
"tt4044364","12"
"tt4044364","16"
"tt4062536","9"
"tt4062536","10"
"tt4062536","14"
"tt4074772","16"
"tt4116284","3"
"tt4116284","5"
"tt4116284","17"
"tt4154756","2"
"tt4154756","5"
"tt4154756","18"
"tt4154796","1"
"tt4154796","2"
"tt4154796","5"
"tt4160708","8"
"tt4160708","9"
"tt4160708","10"
"tt4172430","1"
"tt4172430","5"
"tt4172430","15"
"tt4176340","3"
"tt4176340","5"
"tt4176340","17"
"tt4178092","1"
"tt4178092","6"
"tt4178092","9"
"tt4209788","1"
"tt4209788","8"
"tt4209788","12"
"tt4226388","1"
"tt4226388","7"
"tt4226388","8"
"tt4271918","1"
"tt4271918","6"
"tt4271918","8"
"tt4276820","1"
"tt4276820","12"
"tt4302938","2"
"tt4302938","5"
"tt4302938","17"
"tt4353376","12"
"tt4353376","16"
"tt4353376","20"
"tt4364194","1"
"tt4364194","3"
"tt4366830","7"
"tt4366830","19"
"tt4387040","1"
"tt4387040","13"
"tt4425200","5"
"tt4425200","8"
"tt4425200","9"
"tt4430212","1"
"tt4430212","6"
"tt4430212","8"
"tt4468740","2"
"tt4468740","3"
"tt4468740","11"
"tt4481414","1"
"tt4505830","1"
"tt4505830","8"
"tt4540710","1"
"tt4540710","9"
"tt4550098","1"
"tt4550098","9"
"tt4552118","1"
"tt4552118","3"
"tt4555426","1"
"tt4555426","12"
"tt4555426","13"
"tt4572514","1"
"tt4572514","5"
"tt4572514","8"
"tt4575576","1"
"tt4575576","3"
"tt4575576","11"
"tt4613322","16"
"tt4633690","1"
"tt4633690","8"
"tt4633690","9"
"tt4633694","2"
"tt4633694","5"
"tt4633694","17"
"tt4686844","1"
"tt4686844","3"
"tt4686844","13"
"tt4688366","1"
"tt4688366","6"
"tt4688366","8"
"tt4698684","1"
"tt4698684","2"
"tt4698684","3"
"tt4718770","2"
"tt4718770","4"
"tt4718770","11"
"tt4729430","2"
"tt4729430","3"
"tt4729430","17"
"tt4767274","1"
"tt4767274","11"
"tt4846232","1"
"tt4846232","8"
"tt4846232","9"
"tt4846340","1"
"tt4846340","12"
"tt4846340","13"
"tt4849438","1"
"tt4849438","5"
"tt4857264","1"
"tt4857264","6"
"tt4857264","8"
"tt4901306","1"
"tt4901306","3"
"tt4912910","2"
"tt4912910","5"
"tt4912910","9"
"tt4925292","1"
"tt4925292","3"
"tt4935200","1"
"tt4935200","6"
"tt4935200","13"
"tt4943998","1"
"tt4943998","21"
"tt4954522","1"
"tt4954522","4"
"tt4954522","10"
"tt4971344","1"
"tt4971344","8"
"tt4971344","21"
"tt4972582","9"
"tt4972582","10"
"tt4975722","1"
"tt4995790","1"
"tt4995790","3"
"tt5012394","1"
"tt5012394","6"
"tt5012394","8"
"tt5013056","1"
"tt5013056","5"
"tt5013056","13"
"tt5017060","1"
"tt5017060","6"
"tt5017060","8"
"tt5027774","1"
"tt5027774","3"
"tt5027774","8"
"tt5052448","6"
"tt5052448","9"
"tt5052448","10"
"tt5052474","2"
"tt5052474","5"
"tt5052474","8"
"tt5074352","1"
"tt5074352","5"
"tt5074352","12"
"tt5083738","1"
"tt5083738","3"
"tt5083738","12"
"tt5095030","2"
"tt5095030","3"
"tt5095030","5"
"tt5104604","2"
"tt5104604","3"
"tt5104604","17"
"tt5164432","1"
"tt5164432","3"
"tt5164432","7"
"tt5168192","1"
"tt5237552","1"
"tt5237552","3"
"tt5237552","11"
"tt5247022","1"
"tt5247022","3"
"tt5247022","7"
"tt5257726","2"
"tt5257726","3"
"tt5257726","17"
"tt5311514","1"
"tt5311514","4"
"tt5311514","17"
"tt5362352","5"
"tt5362352","16"
"tt5362352","18"
"tt5362988","1"
"tt5362988","6"
"tt5362988","8"
"tt5439796","1"
"tt5439796","3"
"tt5439796","8"
"tt5462602","1"
"tt5462602","3"
"tt5462602","7"
"tt5463162","2"
"tt5463162","3"
"tt5463162","5"
"tt5478478","1"
"tt5478478","21"
"tt5561592","16"
"tt5572566","1"
"tt5580036","1"
"tt5580036","3"
"tt5580036","12"
"tt5580390","1"
"tt5580390","2"
"tt5580390","4"
"tt5594080","1"
"tt5594080","12"
"tt5594080","13"
"tt5606664","1"
"tt5606664","4"
"tt5606664","10"
"tt5610554","1"
"tt5610554","3"
"tt5610554","6"
"tt5649144","1"
"tt5651050","16"
"tt5657856","1"
"tt5657856","5"
"tt5657856","8"
"tt5664684","1"
"tt5664684","3"
"tt5664684","19"
"tt5680442","1"
"tt5700672","5"
"tt5700672","9"
"tt5700672","10"
"tt5715874","1"
"tt5715874","6"
"tt5715874","10"
"tt5726616","1"
"tt5726616","7"
"tt5727208","1"
"tt5727208","8"
"tt5727208","9"
"tt5733210","16"
"tt5776858","1"
"tt5776858","7"
"tt5813916","1"
"tt5813916","5"
"tt5813916","15"
"tt5848272","2"
"tt5848272","3"
"tt5848272","17"
"tt5886510","3"
"tt5886510","20"
"tt6048922","1"
"tt6048922","5"
"tt6048922","13"
"tt6098922","16"
"tt6131636","1"
"tt6131636","7"
"tt6139732","2"
"tt6139732","4"
"tt6139732","11"
"tt6146460","16"
"tt6146586","5"
"tt6146586","8"
"tt6146586","9"
"tt6155172","1"
"tt6172460","2"
"tt6172460","5"
"tt6172460","17"
"tt6266538","1"
"tt6266538","3"
"tt6266538","12"
"tt6268052","1"
"tt6268052","18"
"tt6269192","1"
"tt6269192","7"
"tt6269192","11"
"tt6294822","1"
"tt6294822","9"
"tt6320628","2"
"tt6320628","5"
"tt6320628","18"
"tt6326286","1"
"tt6326286","6"
"tt6326286","8"
"tt6343314","1"
"tt6343314","20"
"tt6412452","1"
"tt6412452","3"
"tt6412452","19"
"tt6429934","1"
"tt6429934","6"
"tt6429934","8"
"tt6499752","5"
"tt6499752","9"
"tt6499752","18"
"tt6513120","1"
"tt6513120","3"
"tt6513120","12"
"tt6543420","12"
"tt6543420","16"
"tt6543420","20"
"tt6628394","1"
"tt6628394","6"
"tt6628394","8"
"tt6644200","1"
"tt6644200","10"
"tt6644200","18"
"tt6723592","5"
"tt6723592","18"
"tt6739094","2"
"tt6739094","5"
"tt6739094","17"
"tt6751668","1"
"tt6751668","3"
"tt6751668","9"
"tt6868216","3"
"tt6868216","6"
"tt6868216","8"
"tt6874964","19"
"tt6966692","1"
"tt6966692","3"
"tt6966692","12"
"tt6987652","3"
"tt7014006","1"
"tt7014006","3"
"tt7131622","1"
"tt7131622","3"
"tt7133092","12"
"tt7133092","16"
"tt7146812","2"
"tt7146812","3"
"tt7146812","17"
"tt7188868","12"
"tt7188868","16"
"tt7271684","12"
"tt7271684","16"
"tt7286456","1"
"tt7286456","8"
"tt7286456","9"
"tt7349662","1"
"tt7349662","8"
"tt7349662","12"
"tt7401588","1"
"tt7401588","3"
"tt7421814","3"
"tt7421814","7"
"tt7521040","12"
"tt7521040","14"
"tt7521040","16"
"tt7653254","1"
"tt7653254","3"
"tt7653254","7"
"tt7657462","1"
"tt7668870","1"
"tt7668870","6"
"tt7668870","9"
"tt7688990","1"
"tt7688990","7"
"tt7714136","1"
"tt7714136","7"
"tt7714136","11"
"tt7775622","2"
"tt7775622","16"
"tt7775622","20"
"tt7784604","1"
"tt7784604","6"
"tt7784604","10"
"tt7860890","3"
"tt7860890","12"
"tt7860890","16"
"tt7901640","3"
"tt7901640","7"
"tt7959026","1"
"tt7959026","8"
"tt7959026","9"
"tt7984734","1"
"tt7984734","4"
"tt7984734","10"
"tt7984766","1"
"tt7984766","12"
"tt7984766","13"
"tt8075192","1"
"tt8075192","8"
"tt8108198","8"
"tt8108198","9"
"tt8110330","1"
"tt8110330","3"
"tt8110330","7"
"tt8168186","1"
"tt8168186","6"
"tt8168186","7"
"tt8228288","9"
"tt8228288","10"
"tt8228288","18"
"tt8267604","1"
"tt8367814","3"
"tt8367814","5"
"tt8367814","8"
"tt8404614","1"
"tt8404614","3"
"tt8425058","1"
"tt8425058","12"
"tt8425058","13"
"tt8579674","1"
"tt8579674","15"
"tt8613070","1"
"tt8613070","7"
"tt8716334","14"
"tt8716334","16"
"tt8772262","1"
"tt8772262","6"
"tt8772262","10"
"tt8946378","1"
"tt8946378","3"
"tt8946378","8"
"tt8965432","16"
"tt9046556","12"
"tt9046556","16"
"tt9046564","14"
"tt9046564","16"
"tt9046574","12"
"tt9046574","16"
"tt9087578","1"
"tt9103602","7"
"tt9185816","13"
"tt9185816","16"
"tt9243946","1"
"tt9243946","5"
"tt9243946","8"
"tt9315418","1"
"tt9315418","2"
"tt9315418","3"
"tt9495224","1"
"tt9495224","6"
"tt9495224","18"
"tt9556756","7"
"tt9792884","3"
"tt9792884","6"
"tt9792884","8"
"tt9856280","16"
"tt9876408","1"
"tt9876408","7"
